company_name,website_url,profile_url,directory_page
29 Park,https://www.twentyninepark.com/,,1
Abner Henry,https://abnerhenry.com/?y_source=1_MTAyMjY0MTIzOC00ODMtbG9jYXRpb24ud2Vic2l0ZQ%3D%3D,,1
Adriana Hoyos,https://adrianahoyos.com/,,1
Annie Selke,https://annieselke.com/,,1
Amer Rugs,https://www.amerrugs.com/,,1
Armac Martin,https://www.armacmartin.com/,,1
Arte International,https://www.arte-international.com/,,1
BBH,http://shopbbh.com,,1
BainUltra,https://www.bainultra.com/,,1
BEACON,https://beaconcustomlighting.com,,1
Bellacucina,https://marbleandgraniteusa.com/,,1
Bella Notte Linens,https://www.bellanottelinens.com/,,1
Bermex,https://www.bermex.ca/solid-wood-dining-room-furniture.html,,1
Brizo,https://www.brizo.com/,,1
Caracole,https://caracole.com,,1
CALI,https://www.califloors.com/,,1
Charleston Forge,https://www.charlestonforge.com/,,1
Cosentino,https://www.cosentino.com/usa/,,1
Country Casual Teak,https://www.countrycasualteak.com/,,1
Crestview Collection,https://www.crestviewcollection.com/,,1
Currey,https://www.curreyandcompany.com/,,1
Daltile,https://www.daltile.com/,,1
Dovetail Gold,http://dovetailhome.com,,1
Eastern Accents,https://www.easternaccents.com,,1
Fabuwood Cabinetry,https://www.fabuwood.com/,,1
